{
    "dungeonRooms": [
        {
            "roomName": "Knight",
            "roomType": "normal",
            "secrets": 3,
            "yLevel": 69,
            "blocks": {
                "air": ">530",
                "bedrock": "=2",
                "carpet": "=4",
                "cobblestone_wall": ">6",
                "iron_bars": "=11",
                "rail": "=10",
                "torch": "=1",
                "wool": "=3"
            }
        },
        {
            "roomName": "Pit",
            "roomType": "normal",
            "secrets": 5,
            "yLevel": 68,
            "blocks": {
                "cobblestone_wall": "=8",
                "dirt": ">30",
                "stonebrick": ">30",
                "fire": "=8"
            }
        },
        {
            "roomName": "Lava Ravine",
            "roomType": "normal",
            "secrets": 6,
            "yLevel": 69,
            "blocks": {
                "tallgrass": ">6",
                "stonebrick": ">180",
                "stone": ">70",
                "air": ">650",
                "cobblestone_wall": ">1",
                "spruce_fence": "=3",
                "stained_hardened_clay": ">20"
            }
        },
        {
            "roomName": "Blaze",
            "roomType": "puzzle",
            "secrets": 1,
            "yLevel": 69,
            "blocks": {
                "air": ">390",
                "bedrock": "=12",
                "carpet": "=5",
                "leaves": "=5",
                "wool": "=9",
                "water": "=2",
                "standing_banner": "=2"
            }
        },
        {
            "roomName": "Cathedral",
            "roomType": "normal",
            "secrets": 8,
            "yLevel": 69,
            "blocks": {
                "air": ">620",
                "bedrock": "=22",
                "cobblestone_wall": ">40",
                "leaves": "=2",
                "stained_hardened_clay": ">6",
                "wool": "=11",
                "tallgrass": "=13",
                "stone_slab": "=5"
            }
        },
        {
            "roomName": "Granite",
            "roomType": "normal",
            "secrets": 2,
            "yLevel": 70,
            "blocks": {
                "air": ">400",
                "bedrock": "=4",
                "cobblestone_wall": ">10",
                "hopper": "=4",
                "skull": ">0",
                "stained_hardened_clay": ">10",
                "stone": ">330",
                "wool": ">2",
                "torch": "=9"
            }
        },
        {
            "roomName": "Diagonal",
            "roomType": "normal",
            "secrets": 4,
            "yLevel": 70,
            "blocks": {
                "air": ">580",
                "carpet": "=9",
                "iron_bars": ">4",
                "dark_oak_stairs": "=3",
                "double_stone_slab": "=4",
                "jungle_stairs": "=2",
                "leaves": "=4",
                "red_flower": "=3",
                "sea_lantern": "=2"
            }
        },
        {
            "roomName": "King Midas",
            "roomType": "yellow",
            "secrets": 0,
            "yLevel": 67,
            "blocks": {
                "carpet": "=111",
                "bedrock": ">10",
                "planks": ">6",
                "stone_brick_stairs": "=12"
            }
        },
        {
            "roomName": "Dueces",
            "roomType": "normal",
            "secrets": 3,
            "yLevel": 71,
            "blocks": {
                "bedrock": "=5",
                "cobblestone_wall": ">0",
                "hopper": "=12",
                "leaves": "=1",
                "melon_block": "=10",
                "mossy_cobblestone": "=13",
                "skull": ">0",
                "torch": "=9"
            }
        },
        {
            "roomName": "Mossy",
            "roomType": "normal",
            "secrets": 4,
            "yLevel": 69,
            "blocks": {
                "carpet": "=6",
                "cobblestone_wall": ">0",
                "piston": "=1",
                "skull": ">2",
                "stone": ">300",
                "stone_brick_stairs": ">25",
                "tallgrass": "=8",
                "stonebrick": ">100"
            }
        },
        {
            "roomName": "Teleport Maze",
            "roomType": "puzzle",
            "secrets": 0,
            "yLevel": 69,
            "blocks": {
                "air": ">380",
                "cobblestone_wall": ">10",
                "end_portal_frame": "=30",
                "iron_bars": ">78"
            }
        },
        {
            "roomName": "Ice Path",
            "roomType": "puzzle",
            "secrets": 0,
            "yLevel": 66,
            "blocks": {
                "packed_ice": "=297"
            }
        },
        {
            "roomName": "Museum",
            "roomType": "normal",
            "secrets": 5,
            "yLevel": 71,
            "blocks": {
                "cobblestone_wall": ">20",
                "double_stone_slab": "=1",
                "fire": "=9",
                "iron_bars": ">3",
                "leaves": "=10",
                "stone": ">40",
                "wool": ">0",
                "stonebrick": ">80"
            }
        },
        {
            "roomName": "Fairy",
            "roomType": "fairy",
            "secrets": 0,
            "yLevel": 68,
            "blocks": {
                "log": "=54",
                "stone": ">310",
                "stained_hardened_clay": ">70",
                "tallgrass": "=10",
                "carpet": ">40"
            }
        },
        {
            "roomName": "New Trap",
            "roomType": "trap",
            "secrets": 3,
            "yLevel": 64,
            "blocks": {
                "dispenser": "=32",
                "ladder": "=1"
            }
        },
        {
            "roomName": "Chains",
            "roomType": "normal",
            "secrets": 2,
            "yLevel": 69,
            "blocks": {
                "dark_oak_stairs": "=4",
                "cobblestone_wall": ">10",
                "fence": "=10",
                "gravel": "=3",
                "jungle_stairs": "=2",
                "spruce_stairs": ">0"
            }
        },
        {
            "roomName": "Admin",
            "roomType": "normal",
            "secrets": 0,
            "yLevel": 74,
            "blocks": {
                "torch": "=8",
                "mossy_cobblestone": "=7",
                "double_stone_slab": "=38",
                "iron_block": "=10"
            }
        },
        {
            "roomName": "Blood",
            "roomType": "blood",
            "secrets": 0,
            "yLevel": 74,
            "blocks": {
                "cauldron": "=12",
                "iron_trapdoor": "=30"
            }
        },
        {
            "roomName": "Entrance",
            "roomType": "green",
            "secrets": 0,
            "yLevel": 68,
            "blocks": {
                "redstone_block": "=1",
                "glowstone": "=3"
            }
        },
        {
            "roomName": "Tic Tac Toe",
            "roomType": "puzzle",
            "secrets": 1,
            "yLevel": 71,
            "blocks": {
                "bedrock": "=4",
                "hopper": "=6",
                "leaves": "=1",
                "torch": "=2"
            }
        },
        {
            "roomName": "Water Board",
            "roomType": "puzzle",
            "secrets": 0,
            "yLevel": 61,
            "blocks": {
                "air": ">400",
                "bedrock": "=10",
                "diamond_block": "=1",
                "lever": "=6"
            }
        },
        {
            "roomName": "Catwalk",
            "roomType": "normal",
            "secrets": 6,
            "yLevel": 69,
            "blocks": {
                "carpet": "=38",
                "stone": ">60",
                "stained_hardened_clay": ">20",
                "cobblestone_wall": ">50"
            }
        },
        {
            "roomName": "Sloth",
            "roomType": "normal",
            "secrets": 1,
            "yLevel": 69,
            "blocks": {
                "dark_oak_stairs": "=1",
                "double_stone_slab": "=1",
                "mossy_cobblestone": "=1",
                "spruce_fence": "=2",
                "stone_slab": "=4"
            }
        },
        {
            "roomName": "Supertall",
            "roomType": "normal",
            "secrets": 6,
            "yLevel": 69,
            "blocks": {
                "bedrock": ">25",
                "cobblestone_wall": ">0",
                "leaves": "=6",
                "spruce_fence": "=3",
                "torch": "=1",
                "wool": "=8",
                "air": ">300",
                "wooden_slab": ">5"
            }
        },
        {
            "roomName": "Default Yellow",
            "roomType": "yellow",
            "secrets": 0,
            "yLevel": 70,
            "blocks": {
                "bedrock": "=1",
                "carpet": "=3",
                "cobblestone_wall": ">2",
                "wool": "=23",
                "torch": "=2",
                "spruce_stairs": ">1"
            }
        },
        {
            "roomName": "Chambers",
            "roomType": "normal",
            "secrets": 5,
            "yLevel": 70,
            "blocks": {
                "air": ">600",
                "birch_stairs": "=3",
                "cobblestone_wall": ">6",
                "fence": "=1",
                "iron_bars": ">0",
                "skull": ">15",
                "spruce_stairs": ">2",
                "wall_sign": "=2",
                "wooden_slab": "=4"
            }
        },
        {
            "roomName": "Buttons",
            "roomType": "normal",
            "secrets": 5,
            "yLevel": 70,
            "blocks": {
                "piston": "=1",
                "sea_lantern": "=2",
                "skull": ">5",
                "torch": "=2",
                "dispenser": "=3",
                "cauldron": "=6",
                "leaves": "=2"
            }
        },
        {
            "roomName": "Pressure Plates",
            "roomType": "normal",
            "secrets": 6,
            "yLevel": 70,
            "blocks": {
                "air": ">500",
                "double_stone_slab": "=1",
                "fence": "=1",
                "gold_block": "=3",
                "iron_bars": ">13",
                "light_weighted_pressure_plate": "=3",
                "skull": ">3",
                "torch": "=2"
            }
        },
        {
            "roomName": "Quiz",
            "roomType": "puzzle",
            "secrets": 0,
            "yLevel": 71,
            "blocks": {
                "bedrock": "=1",
                "cobblestone_wall": ">20",
                "leaves": "=7",
                "monster_egg": "=2",
                "red_sandstone_stairs": "=3"
            }
        },
        {
            "roomName": "Dome",
            "roomType": "normal",
            "secrets": 2,
            "yLevel": 69,
            "blocks": {
                "air": ">520",
                "iron_bars": ">0",
                "spruce_fence": ">5",
                "tallgrass": "=28",
                "stained_hardened_clay": ">7"
            }
        },
        {
            "roomName": "Mushroom",
            "roomType": "normal",
            "secrets": 1,
            "yLevel": 69,
            "blocks": {
                "brown_mushroom": "=6",
                "red_mushroom": "=3"
            }
        },
        {
            "roomName": "Mage",
            "roomType": "normal",
            "secrets": 4,
            "yLevel": 64,
            "blocks": {
                "brewing_stand": "=2",
                "bookshelf": "=2",
                "flower_pot": "=1",
                "lava": "=1"
            }
        },
        {
            "roomName": "Overgrown",
            "roomType": "normal",
            "secrets": 3,
            "yLevel": 69,
            "blocks": {
                "jungle_stairs": "=3",
                "leaves": "=18",
                "planks": ">10",
                "wool": "=5",
                "tallgrass": "=31"
            }
        },
        {
            "roomName": "Blue Skulls",
            "roomType": "normal",
            "secrets": 1,
            "yLevel": 70,
            "blocks": {
                "fire": "=2",
                "iron_bars": ">6",
                "wooden_slab": "=5",
                "torch": "=2",
                "carpet": "=35",
                "bookshelf": "=4"
            }
        },
        {
            "roomName": "Ice Fill",
            "roomType": "puzzle",
            "secrets": 0,
            "yLevel": 71,
            "blocks": {
                "bedrock": "=2",
                "cobblestone_wall": ">4",
                "ice": "=50",
                "mossy_cobblestone": "=4",
                "wool": "=1",
                "double_stone_slab": "=9",
                "stone": ">700"
            }
        },
        {
            "roomName": "Raccoon",
            "roomType": "normal",
            "secrets": 4,
            "yLevel": 68,
            "blocks": {
                "stone_slab": "=26",
                "stone": ">800",
                "cobblestone": ">30",
                "air": ">50",
                "dirt": ">30"
            }
        },
        {
            "roomName": "Creeper Beams",
            "roomType": "puzzle",
            "secrets": 0,
            "yLevel": 68,
            "blocks": {
                "gravel": ">370",
                "lava": "=1",
                "monster_egg": "=9"
            }
        },
        {
            "roomName": "Old Trap",
            "roomType": "trap",
            "secrets": 4,
            "yLevel": 69,
            "blocks": {
                "air": ">430",
                "dispenser": "=19",
                "cobblestone_wall": ">10",
                "wool": "=2"
            }
        },
        {
            "roomName": "Gravel",
            "roomType": "normal",
            "secrets": 6,
            "yLevel": 69,
            "blocks": {
                "dispenser": "=2",
                "piston": "=1",
                "air": ">550",
                "spruce_stairs": ">0",
                "tallgrass": "=2"
            }
        },
        {
            "roomName": "Waterfall",
            "roomType": "normal",
            "secrets": 2,
            "yLevel": 68,
            "blocks": {
                "air": ">40",
                "dirt": ">40",
                "stone": ">850",
                "water": "=19"
            }
        },
        {
            "roomName": "Default Yellow 2",
            "roomType": "yellow",
            "secrets": 0,
            "yLevel": 69,
            "blocks": {
                "air": ">200",
                "carpet": "=70",
                "stone": ">160",
                "stone_slab": "=90",
                "stonebrick": ">400"
            }
        },
        {
            "roomName": "Mirror",
            "roomType": "normal",
            "secrets": 1,
            "yLevel": 69,
            "blocks": {
                "air": ">550",
                "cobblestone_wall": ">3",
                "crafting_table": "=14",
                "planks": ">10"
            }
        },
        {
            "roomName": "Flags",
            "roomType": "normal",
            "secrets": 7,
            "yLevel": 69,
            "blocks": {
                "leaves": "=8",
                "skull": ">0",
                "torch": "=1",
                "wooden_slab": "=4",
                "fence": "=4"
            }
        },
        {
            "roomName": "Well",
            "roomType": "normal",
            "secrets": 7,
            "yLevel": 69,
            "blocks": {
                "air": ">500",
                "bedrock": "=12",
                "ladder": "=2",
                "tallgrass": "=10",
                "wool": ">20"
            }
        },
        {
            "roomName": "Mural",
            "roomType": "normal",
            "secrets": 1,
            "yLevel": 69,
            "blocks": {
                "fence": "=6",
                "glowstone": "=1",
                "ladder": "=1",
                "skull": ">0",
                "tallgrass": "=12"
            }
        },
        {
            "roomName": "Dragon Yellow",
            "roomType": "yellow",
            "secrets": 0,
            "yLevel": 64,
            "blocks": {
                "cobblestone": ">20",
                "dark_oak_stairs": "=1",
                "double_stone_slab": "=1",
                "mossy_cobblestone": "=2",
                "skull": "=2",
                "wooden_slab": "=3"
            }
        },
        {
            "roomName": "Quartz Knight",
            "roomType": "normal",
            "secrets": 7,
            "yLevel": 70,
            "blocks": {
                "fence": "=4",
                "cobblestone_wall": ">4",
                "skull": ">7",
                "torch": "=4",
                "tallgrass": "=8"
            }
        },
        {
            "roomName": "Blaze",
            "roomType": "puzzle",
            "secrets": 1,
            "yLevel": 69,
            "blocks": {
                "bedrock": "=8",
                "double_plant": "=1",
                "leaves": "=4",
                "standing_banner": "=2"
            }
        },
        {
            "roomName": "Bridges",
            "roomType": "normal",
            "secrets": 6,
            "yLevel": 69,
            "blocks": {
                "anvil": "=2",
                "leaves": ">3",
                "water": "=1",
                "tallgrass": "=5"
            }
        },
        {
            "roomName": "Redstone Warrior",
            "roomType": "normal",
            "secrets": 3,
            "yLevel": 69,
            "blocks": {
                "air": ">650",
                "carpet": "=15",
                "cobblestone_wall": ">2",
                "leaves": "=11",
                "tallgrass": "=6"
            }
        },
        {
            "roomName": "Andesite",
            "roomType": "normal",
            "secrets": 2,
            "yLevel": 69,
            "blocks": {
                "air": ">250",
                "carpet": "=4",
                "double_stone_slab": "=2",
                "iron_bars": ">2",
                "stone_slab": "=6",
                "stone_brick_stairs": ">28"
            }
        },
        {
            "roomName": "Deathmite",
            "roomType": "normal",
            "secrets": 6,
            "yLevel": 69,
            "blocks": {
                "air": ">530",
                "fence": "=4",
                "leaves": "=1",
                "quartz_block": "=3",
                "torch": "=1",
                "wooden_slab": "=2"
            }
        },
        {
            "roomName": "Sarcophagus",
            "roomType": "normal",
            "secrets": 3,
            "yLevel": 68,
            "blocks": {
                "carpet": "=5",
                "gold_block": "=1",
                "mossy_cobblestone": "=13",
                "sea_lantern": "=7"
            }
        },
        {
            "roomName": "Rails",
            "roomType": "normal",
            "secrets": 9,
            "yLevel": 69,
            "blocks": {
                "air": ">430",
                "crafting_table": "=4",
                "skull": "=1",
                "planks": ">4",
                "spruce_fence": ">4",
                "stonebrick": ">60",
                "stone_stairs": ">6"
            }
        },
        {
            "roomName": "Tomioka",
            "roomType": "normal",
            "secrets": 0,
            "yLevel": 69,
            "blocks": {
                "air": ">480",
                "carpet": "=27",
                "cobblestone": ">60",
                "dark_oak_stairs": "=2",
                "double_wooden_slab": "=1",
                "iron_bars": ">6",
                "planks": ">10",
                "jungle_stairs": "=4"
            }
        },
        {
            "roomName": "Purple Flags",
            "roomType": "normal",
            "secrets": 5,
            "yLevel": 69,
            "blocks": {
                "wooden_slab": "=5",
                "anvil": "=2",
                "bedrock": ">0",
                "carpet": "=1",
                "skull": "=2",
                "cauldron": "=2",
                "rail": "=13"
            }
        },
        {
            "roomName": "Atlas",
            "roomType": "normal",
            "secrets": 6,
            "yLevel": 69,
            "blocks": {
                "air": ">650",
                "cobblestone_wall": ">6",
                "hopper": "=1",
                "leaves": ">10",
                "skull": ">0",
                "spruce_fence": ">0",
                "tallgrass": ">9",
                "stone_slab": ">5"
            }
        },
        {
            "roomName": "Melon",
            "roomType": "normal",
            "secrets": 7,
            "yLevel": 69,
            "blocks": {
                "air": ">350",
                "bedrock": "=23",
                "deadbush": "=1",
                "wool": ">3",
                "stonebrick": ">220",
                "stone": ">220"
            }
        },
        {
            "roomName": "Perch",
            "roomType": "normal",
            "secrets": 2,
            "yLevel": 69,
            "blocks": {
                "hopper": "=2",
                "ladder": "=1",
                "log": ">4",
                "torch": "=1",
                "stone": ">480"
            }
        },
        {
            "roomName": "Shadow Assassin",
            "roomType": "yellow",
            "secrets": 0,
            "yLevel": 69,
            "blocks": {
                "carpet": "=43",
                "air": ">150",
                "nether_brick": ">350",
                "sponge": "=4",
                "wool": "=32"
            }
        },
        {
            "roomName": "Redstone Key",
            "roomType": "normal",
            "secrets": 3,
            "yLevel": 69,
            "blocks": {
                "air": ">460",
                "bedrock": "=1",
                "stained_hardened_clay": ">0",
                "cobblestone_wall": ">30",
                "stone": ">230"
            }
        },
        {
            "roomName": "Prison Cell",
            "roomType": "normal",
            "secrets": 1,
            "yLevel": 70,
            "blocks": {
                "fire": "=4",
                "air": ">230",
                "flower_pot": "=1",
                "leaves": "=1",
                "vine": "=1"
            }
        },
        {
            "roomName": "Small Stairs",
            "roomType": "normal",
            "secrets": 2,
            "yLevel": 66,
            "blocks": {
                "anvil": "=1",
                "hopper": "=2",
                "leaves": "=7",
                "stained_hardened_clay": "=51"
            }
        },
        {
            "roomName": "Locked Away",
            "roomType": "normal",
            "secrets": 1,
            "yLevel": 69,
            "blocks": {
                "air": ">350",
                "cobblestone": ">30",
                "vine": "=1",
                "tallgrass": "=8",
                "iron_bars": ">4"
            }
        },
        {
            "roomName": "Logs",
            "roomType": "normal",
            "secrets": 4,
            "yLevel": 69,
            "blocks": {
                "iron_bars": ">0",
                "mossy_cobblestone": "=14",
                "air": ">470",
                "stonebrick": ">80",
                "crafting_table": "=1"
            }
        },
        {
            "roomName": "Hallway",
            "roomType": "normal",
            "secrets": 3,
            "yLevel": 69,
            "blocks": {
                "air": ">500",
                "dispenser": "=2",
                "piston": "=1",
                "cobblestone_wall": ">0",
                "stonebrick": ">330"
            }
        },
        {
            "roomName": "Dino Site",
            "roomType": "normal",
            "secrets": 4,
            "yLevel": 69,
            "blocks": {
                "dark_oak_stairs": "=1",
                "fence": "=5",
                "piston": "=2",
                "dispenser": ">0",
                "carpet": ">30"
            }
        },
        {
            "roomName": "Skull",
            "roomType": "normal",
            "secrets": 2,
            "yLevel": 69,
            "blocks": {
                "air": ">550",
                "cobblestone_wall": ">0",
                "dark_oak_stairs": "=10",
                "double_stone_slab": "=10",
                "jukebox": "=4",
                "sea_lantern": "=3"
            }
        },
        {
            "roomName": "Basement",
            "roomType": "normal",
            "secrets": 1,
            "yLevel": 69,
            "blocks": {
                "air": ">230",
                "stonebrick": ">150",
                "spruce_stairs": ">2",
                "double_stone_slab": "=2",
                "dark_oak_stairs": "=2",
                "stone_brick_stairs": ">20"
            }
        },
        {
            "roomName": "Duncan",
            "roomType": "normal",
            "secrets": 1,
            "yLevel": 74,
            "blocks": {
                "air": ">340",
                "bedrock": "=11",
                "iron_bars": "=4",
                "leaves": "=3",
                "wool": "=10",
                "torch": "=1"
            }
        },
        {
            "roomName": "Painting",
            "roomType": "normal",
            "secrets": 2,
            "yLevel": 74,
            "blocks": {
                "wall_sign": "=1",
                "stone_button": "=6",
                "torch": "=1",
                "fire": "=3",
                "bedrock": "=2"
            }
        },
        {
            "roomName": "Three Weirdos",
            "roomType": "puzzle",
            "secrets": 0,
            "yLevel": 68,
            "blocks": {
                "bedrock": "=52",
                "stone": ">800",
                "stone_stairs": ">0",
                "wool": "=46"
            }
        },
        {
            "roomName": "Bomb Defuse",
            "roomType": "puzzle",
            "secrets": 0,
            "yLevel": 69,
            "blocks": {
                "obsidian": ">20",
                "lava": "=50",
                "heavy_weighted_pressure_plate": ">0"
            }
        },
        {
            "roomName": "Wizard",
            "roomType": "normal",
            "secrets": 4,
            "yLevel": 69,
            "blocks": {
                "air": ">580",
                "carpet": "=68",
                "skull": ">0",
                "stained_hardened_clay": ">10",
                "torch": "=2",
                "water": "=7"
            }
        },
        {
            "roomName": "Stairs",
            "roomType": "normal",
            "secrets": 4,
            "yLevel": 70,
            "blocks": {
                "air": ">400",
                "bedrock": "=16",
                "cobblestone": ">80",
                "iron_bars": ">3",
                "leaves": "=1",
                "torch": "=2",
                "wool": ">7"
            }
        },
        {
            "roomName": "Market",
            "roomType": "normal",
            "secrets": 5,
            "yLevel": 69,
            "blocks": {
                "air": ">600",
                "cobblestone": ">50",
                "iron_bars": ">2",
                "leaves": "=3",
                "tallgrass": "=8",
                "stone_brick_stairs": ">15",
                "stone_slab": ">20"
            }
        },
        {
            "roomName": "Spikes",
            "roomType": "normal",
            "secrets": 3,
            "yLevel": 68,
            "blocks": {
                "log": "=5",
                "air": ">470",
                "bedrock": "=16",
                "carpet": "=4",
                "glowstone": "=3",
                "wool": "=31"
            }
        },
        {
            "roomName": "Lots Of Floors",
            "roomType": "normal",
            "secrets": 3,
            "yLevel": 70,
            "blocks": {
                "air": ">450",
                "anvil": "=4",
                "dark_oak_fence": "=2",
                "fence": "=10",
                "fire": "=2",
                "hopper": "=1",
                "ladder": "=1"
            }
        },
        {
            "roomName": "Gold",
            "roomType": "normal",
            "secrets": 1,
            "yLevel": 69,
            "blocks": {
                "air": ">470",
                "carpet": "=2",
                "dark_oak_stairs": "=30",
                "gold_block": "=29",
                "gold_ore": "=42"
            }
        },
        {
            "roomName": "Beams",
            "roomType": "normal",
            "secrets": 2,
            "yLevel": 74,
            "blocks": {
                "air": ">600",
                "glowstone": "=1",
                "hopper": "=2",
                "leaves": "=5",
                "spruce_fence": "=2"
            }
        },
        {
            "roomName": "Banners",
            "roomType": "normal",
            "secrets": 1,
            "yLevel": 70,
            "blocks": {
                "cobblestone": ">10",
                "cobblestone_wall": ">36",
                "stained_hardened_clay": ">4",
                "stone_slab": "=19",
                "stonebrick": ">50"
            }
        },
        {
            "roomName": "Boulder",
            "roomType": "puzzle",
            "secrets": 0,
            "yLevel": 68,
            "blocks": {
                "barrier": ">400",
                "hopper": "=8",
                "quartz_block": "=8"
            }
        },
        {
            "roomName": "Dip",
            "roomType": "normal",
            "secrets": 2,
            "yLevel": 69,
            "blocks": {
                "bedrock": "=4",
                "leaves": "=3",
                "wool": "=7",
                "torch": "=1",
                "stained_hardened_clay": ">90",
                "air": ">420"
            }
        },
        {
            "roomName": "Doors",
            "roomType": "normal",
            "secrets": 5,
            "yLevel": 69,
            "blocks": {
                "carpet": "=39",
                "cauldron": "=2",
                "deadbush": "=2",
                "ladder": "=1",
                "redstone_wire": "=3",
                "tallgrass": "=4"
            }
        },
        {
            "roomName": "Spider",
            "roomType": "normal",
            "secrets": 9,
            "yLevel": 69,
            "blocks": {
                "anvil": "=5",
                "leaves": "=2",
                "torch": "=1",
                "dark_oak_stairs": "=3",
                "jungle_stairs": "=2",
                "stone_brick_stairs": ">35"
            }
        },
        {
            "roomName": "Silvers Sword",
            "roomType": "normal",
            "secrets": 1,
            "yLevel": 71,
            "blocks": {
                "bedrock": "=1",
                "fire": "=6",
                "wool": ">3",
                "cobblestone_wall": ">4",
                "stone_slab": "=10"
            }
        },
        {
            "roomName": "Multicolored",
            "roomType": "normal",
            "secrets": 1,
            "yLevel": 71,
            "blocks": {
                "hopper": "=4",
                "iron_bars": ">5",
                "stone_slab": ">2",
                "stonebrick": ">350",
                "stone_brick_stairs": ">40"
            }
        },
        {
            "roomName": "Red Blue",
            "roomType": "normal",
            "secrets": 4,
            "yLevel": 69,
            "blocks": {
                "carpet": "=85",
                "wooden_slab": "=6",
                "stone_stairs": ">0"
            }
        },
        {
            "roomName": "Scaffolding",
            "roomType": "normal",
            "secrets": 2,
            "yLevel": 69,
            "blocks": {
                "anvil": "=4",
                "dark_oak_stairs": "=4",
                "double_stone_slab": "=18",
                "fence": "=10",
                "jungle_stairs": "=2",
                "planks": ">15"
            }
        },
        {
            "roomName": "Withermancer",
            "roomType": "normal",
            "secrets": 4,
            "yLevel": 68,
            "blocks": {
                "coal_block": ">70",
                "dirt": ">600",
                "ladder": "=4"
            }
        },
        {
            "roomName": "Leaves",
            "roomType": "normal",
            "secrets": 1,
            "yLevel": 69,
            "blocks": {
                "wool": "=1",
                "wooden_slab": "=5",
                "stonebrick": ">160",
                "iron_bars": ">10",
                "bedrock": "=7",
                "cobblestone": ">20",
                "cobblestone_wall": ">5"
            }
        },
        {
            "roomName": "Balcony",
            "roomType": "normal",
            "secrets": 4,
            "yLevel": 69,
            "blocks": {
                "bedrock": ">14",
                "leaves": "=1",
                "wool": ">13",
                "wooden_slab": ">19",
                "stained_hardened_clay": ">10",
                "tallgrass": "=6"
            }
        },
        {
            "roomName": "Crypt",
            "roomType": "normal",
            "secrets": 5,
            "yLevel": 68,
            "blocks": {
                "bedrock": "=13",
                "carpet": "=3",
                "dirt": ">80",
                "glowstone": "=1",
                "sea_lantern": "=5",
                "wool": "=17"
            }
        },
        {
            "roomName": "Hall",
            "roomType": "normal",
            "secrets": 0,
            "yLevel": 70,
            "blocks": {
                "skull": ">6",
                "air": ">290",
                "torch": "=6",
                "wooden_slab": "=8",
                "stained_hardened_clay": ">20",
                "stone_brick_stairs": ">20"
            }
        },
        {
            "roomName": "Slabs",
            "roomType": "normal",
            "secrets": 2,
            "yLevel": 69,
            "blocks": {
                "dispenser": "=2",
                "cobblestone": ">40",
                "air": ">320",
                "piston": "=3",
                "tallgrass": "=6",
                "stonebrick": ">20",
                "stone_brick_stairs": ">40"
            }
        },
        {
            "roomName": "Sand Dragon",
            "roomType": "normal",
            "secrets": 1,
            "yLevel": 68,
            "blocks": {
                "carpet": "=16",
                "air": ">220",
                "sea_lantern": "=24",
                "stonebrick": ">350"
            }
        },
        {
            "roomName": "Skull",
            "roomType": "normal",
            "secrets": 2,
            "yLevel": 69,
            "blocks": {
                "sea_lantern": "=5",
                "dark_oak_stairs": ">6",
                "mossy_cobblestone": "=3",
                "vine": "=1",
                "spruce_fence_gate": "=10"
            }
        },
        {
            "roomName": "Water",
            "roomType": "normal",
            "secrets": 2,
            "yLevel": 68,
            "blocks": {
                "dirt": ">50",
                "leaves": "=2",
                "stone_brick_stairs": ">0",
                "water": "=2",
                "wooden_slab": "=18"
            }
        },
        {
            "roomName": "Steps",
            "roomType": "normal",
            "secrets": 1,
            "yLevel": 69,
            "blocks": {
                "fence": "=14",
                "crafting_table": "=10",
                "fence_gate": "=2",
                "ladder": "=2"
            }
        },
        {
            "roomName": "Big Red Flag",
            "roomType": "normal",
            "secrets": 2,
            "yLevel": 71,
            "blocks": {
                "fire": "=4",
                "skull": "=2",
                "torch": "=1",
                "stained_hardened_clay": ">30",
                "stone_slab": "=16",
                "stone_brick_stairs": ">10"
            }
        },
        {
            "roomName": "Archway",
            "roomType": "normal",
            "secrets": 3,
            "yLevel": 69,
            "blocks": {
                "cobblestone": ">4",
                "iron_bars": ">2",
                "wool": "=8",
                "torch": "=1",
                "stonebrick": ">180",
                "air": ">550"
            }
        },
        {
            "roomName": "Black Flag",
            "roomType": "normal",
            "secrets": 3,
            "yLevel": 69,
            "blocks": {
                "air": ">450",
                "jungle_stairs": "=4",
                "wool": "=12",
                "tallgrass": "=16",
                "stone": ">60",
                "stonebrick": ">250",
                "mossy_cobblestone": "=24"
            }
        },
        {
            "roomName": "Jumping Skulls",
            "roomType": "normal",
            "secrets": 1,
            "yLevel": 66,
            "blocks": {
                "air": ">380",
                "bedrock": ">30",
                "crafting_table": "=3",
                "skull": ">5",
                "wool": "=11",
                "torch": "=3"
            }
        },
        {
            "roomName": "Pedestal",
            "roomType": "normal",
            "secrets": 5,
            "yLevel": 61,
            "blocks": {
                "carpet": "=3",
                "diamond_ore": "=7",
                "ladder": "=2",
                "mossy_cobblestone": "=2",
                "wool": "=10",
                "stone": ">850"
            }
        },
        {
            "roomName": "Temple",
            "roomType": "normal",
            "secrets": 3,
            "yLevel": 64,
            "blocks": {
                "air": ">550",
                "carpet": "=14",
                "iron_bars": "=5",
                "stone": ">100",
                "torch": "=5",
                "stone_brick_stairs": ">30",
                "stonebrick": ">200"
            }
        },
        {
            "roomName": "Cell",
            "roomType": "normal",
            "secrets": 1,
            "yLevel": 68,
            "blocks": {
                "cobblestone": ">80",
                "gravel": ">200",
                "sea_lantern": "=1",
                "stone": ">460",
                "water": "=5"
            }
        },
        {
            "roomName": "Cobble Wall Pillar",
            "roomType": "normal",
            "secrets": 2,
            "yLevel": 69,
            "blocks": {
                "planks": ">30",
                "stone": ">320",
                "stonebrick": ">20",
                "redstone_torch": "=1",
                "ladder": "=2",
                "mossy_cobblestone": "=1"
            }
        },
        {
            "roomName": "Arrow Trap",
            "roomType": "normal",
            "secrets": 1,
            "yLevel": 68,
            "blocks": {
                "air": ">50",
                "cobblestone": ">55",
                "mossy_cobblestone": ">32",
                "stone": ">800"
            }
        },
        {
            "roomName": "Cage",
            "roomType": "normal",
            "secrets": 1,
            "yLevel": 68,
            "blocks": {
                "air": ">60",
                "cobblestone": ">150",
                "dirt": ">3",
                "gravel": ">170",
                "tallgrass": "=2",
                "stonebrick": ">75"
            }
        },
        {
            "roomName": "Drop",
            "roomType": "normal",
            "secrets": 2,
            "yLevel": 69,
            "blocks": {
                "air": ">350",
                "bedrock": "=1",
                "stone_brick_stairs": ">15",
                "wooden_slab": "=72",
                "torch": "=1"
            }
        },
        {
            "roomName": "Stone Window",
            "roomType": "normal",
            "secrets": 2,
            "yLevel": 69,
            "blocks": {
                "air": ">50",
                "dirt": ">0",
                "sea_lantern": "=1",
                "stone": ">790",
                "wool": "=2",
                "stonebrick": ">110"
            }
        },
        {
            "roomName": "Golden Oasis",
            "roomType": "normal",
            "secrets": 1,
            "yLevel": 68,
            "blocks": {
                "cobblestone": ">40",
                "dirt": ">5",
                "mossy_cobblestone": "=9",
                "stone": ">650",
                "stonebrick": ">30"
            }
        },
        {
            "roomName": "Rare Mini Cathedral",
            "roomType": "normal",
            "secrets": 1,
            "yLevel": 68,
            "blocks": {
                "air": ">90",
                "dirt": ">750",
                "stone": ">50",
                "stone_slab": "=40"
            }
        },
        {
            "roomName": "NEW Underground",
            "roomType": "normal",
            "secrets": 3,
            "yLevel": 68,
            "blocks": {
                "air": ">400",
                "cobblestone_wall": ">0",
                "hopper": "=1",
                "grass": ">0",
                "leaves": "=3",
                "tallgrass": "=1",
                "wooden_slab": "=6"
            }
        },
        {
            "roomName": "NEW Layers",
            "roomType": "normal",
            "secrets": 8,
            "yLevel": 69,
            "blocks": {
                "tallgrass": ">20",
                "piston": "=1",
                "dispenser": "=2",
                "jungle_stairs": "=3",
                "air": ">500",
                "planks": ">5"
            }
        },
        {
            "roomName": "NEW Double Diamond",
            "roomType": "normal",
            "secrets": 3,
            "yLevel": 69,
            "blocks": {
                "tallgrass": "=5",
                "hopper": "=1",
                "leaves": "=13",
                "air": ">520",
                "double_stone_slab": "=1",
                "stone": ">230",
                "stone_slab": "=3"
            }
        },
        {
            "roomName": "NEW Gold Stash",
            "roomType": "normal",
            "secrets": 3,
            "yLevel": 69,
            "blocks": {
                "air": ">480",
                "bedrock": "=6",
                "bookshelf": "=7",
                "dark_oak_door": "=1",
                "dispenser": "=2",
                "leaves": "=2",
                "wool": ">0"
            }
        },
        {
            "roomName": "NEW Long",
            "roomType": "normal",
            "secrets": 8,
            "yLevel": 68,
            "blocks": {
                "air": ">500",
                "bedrock": "=5",
                "stone": ">200",
                "stained_hardened_clay": ">30",
                "wool": ">6",
                "water": "=10",
                "tallgrass": "=1",
                "wooden_slab": ">5"
            }
        },
        {
            "roomName": "NEW Mines",
            "roomType": "normal",
            "secrets": 10,
            "yLevel": 68,
            "blocks": {
                "air": ">200",
                "cobblestone": ">50",
                "gold_block": "=3",
                "gold_ore": "=2",
                "gravel": ">40",
                "mossy_cobblestone": ">55",
                "planks": ">40",
                "stone": ">300"
            }
        },
        {
            "roomName": "NEW Grand Library",
            "roomType": "normal",
            "secrets": 4,
            "yLevel": 69,
            "blocks": {
                "bookshelf": "=2",
                "fence": ">0",
                "leaves": "=1",
                "stonebrick": ">140",
                "stone_slab": "=24"
            }
        },
        {
            "roomName": "NEW Magic",
            "roomType": "normal",
            "secrets": 2,
            "yLevel": 68,
            "blocks": {
                "air": ">150",
                "cobblestone": ">0",
                "dirt": ">20",
                "leaves": "=3",
                "glowstone": "=2",
                "obsidian": ">60",
                "stone": ">450"
            }
        },
        {
            "roomName": "NEW Red Green",
            "roomType": "normal",
            "secrets": 3,
            "yLevel": 69,
            "blocks": {
                "air": ">340",
                "carpet": "=26",
                "jungle_stairs": "=1",
                "leaves": "=4",
                "tallgrass": "=13",
                "cauldron": "=2"
            }
        },
        {
            "roomName": "NEW Cages",
            "roomType": "normal",
            "secrets": 2,
            "yLevel": 68,
            "blocks": {
                "air": ">220",
                "cobblestone": ">20",
                "log": ">2",
                "stone_brick_stairs": ">30",
                "stonebrick": ">290",
                "stone_stairs": ">25"
            }
        },
        {
            "roomName": "Quad Lava",
            "roomType": "normal",
            "secrets": 2,
            "yLevel": 68,
            "blocks": {
                "air": ">30",
                "cobblestone": ">5",
                "lava": ">400",
                "double_stone_slab": ">30",
                "stonebrick": ">80"
            }
        },
        {
            "roomName": "NEW Scaffold",
            "roomType": "normal",
            "secrets": 2,
            "yLevel": 68,
            "blocks": {
                "air": ">300",
                "ladder": "=4",
                "torch": "=2",
                "stone": ">30",
                "stonebrick": ">400"
            }
        },
        {
            "roomName": "Stone Window",
            "roomType": "normal",
            "secrets": 2,
            "yLevel": 69,
            "blocks": {
                "air": ">280",
                "cobblestone": ">5",
                "iron_bars": ">0",
                "planks": ">5",
                "stone": ">280",
                "ladder": "=1",
                "tallgrass": "=1",
                "stonebrick": ">300"
            }
        },
        {
            "roomName": "Rare Overgrown",
            "roomType": "normal",
            "secrets": 3,
            "yLevel": 68,
            "blocks": {
                "air": ">50",
                "stone": ">700",
                "double_stone_slab": "=2",
                "gravel": ">130",
                "mossy_cobblestone": "=19",
                "stone_slab": "=7"
            }
        },
        {
            "roomName": "Rare Mini Rails",
            "roomType": "normal",
            "secrets": 4,
            "yLevel": 69,
            "blocks": {
                "air": ">200",
                "bedrock": "=2",
                "carpet": "=4",
                "clay": "=14",
                "dirt": ">0",
                "mossy_cobblestone": "=6",
                "rail": "=29",
                "stone": ">550"
            }
        },
        {
            "roomName": "Vinny 8 Ball",
            "roomType": "normal",
            "secrets": 1,
            "yLevel": 69,
            "blocks": {
                "air": ">200",
                "carpet": "=9",
                "stone": ">600",
                "stone_stairs": "=1",
                "stone_brick_stairs": ">30"
            }
        },
        {
            "roomName": "Mini Rail track",
            "roomType": "normal",
            "secrets": 3,
            "yLevel": 68,
            "blocks": {
                "vine": "=3",
                "torch": "=1",
                "double_plant": "=1",
                "gravel": ">150",
                "lava": "=13",
                "bedrock": "=2"
            }
        },
        {
            "roomName": "Rare Pillars",
            "roomType": "normal",
            "secrets": 1,
            "yLevel": 69,
            "blocks": {
                "air": ">400",
                "bedrock": "=33",
                "clay": "=9",
                "dirt": ">0",
                "log": ">5",
                "gravel": ">10",
                "leaves": "=3",
                "tallgrass": "=11",
                "wooden_slab": ">10"
            }
        },
        {
            "roomName": "Rare Vinny8Ball",
            "roomType": "normal",
            "secrets": 1,
            "yLevel": 69,
            "blocks": {
                "air": ">200",
                "stone": ">580",
                "stone_brick_stairs": ">20",
                "stone_stairs": "=3",
                "carpet": "=9",
                "stonebrick": ">0"
            }
        },
        {
            "roomName": "Lava Pool",
            "roomType": "normal",
            "secrets": 3,
            "yLevel": 69,
            "blocks": {
                "planks": "=4",
                "spruce_stairs": "=2",
                "clay": "=9",
                "bedrock": "=4",
                "stone_slab": "=24"
            }
        },
        {
            "roomName": "Rare Tombstone",
            "roomType": "normal",
            "secrets": 2,
            "yLevel": 69,
            "blocks": {
                "air": ">300",
                "stonebrick": ">250",
                "bedrock": "=6",
                "gold_block": "=1",
                "stone_slab": ">0"
            }
        },
        {
            "roomName": "Hanging Vines",
            "roomType": "normal",
            "secrets": 1,
            "yLevel": 67,
            "blocks": {
                "gravel": ">400",
                "stone": ">400",
                "sea_lantern": "=18",
                "bedrock": ">14"
            }
        }
    ]
}